Old Ticker,New Ticker,Search Term,Memo Title,Effective Date,Post Date,Classification
ADMV,ADMVE,ADMV ADMVE,Not found,,,Not Found
SNRT,LBAO,SNRT LBAO,Not found,,,Not Found
LBAOE,LBAO,LBAOE LBAO,Not found,,,Not Found
STFK,LBTD,STFK LBTD,Not found,,,Not Found
HELCG,NOBIN,HELCG NOBIN,Not found,,,Not Found
UACL,ULH,UACL ULH,Not found,,,Not Found
TTHX,TKCI,TTHX TKCI,Not found,,,Not Found
TRYV,TRYVD,TRYV TRYVD,Not found,,,Not Found
TKCIE,TKCI,TKCIE TKCI,Not found,,,Not Found
SMMO,EYGY,SMMO EYGY,Not found,,,Not Found
QHC.V,QHC,QHC.V QHC,Not found,,,Not Found
MICB,MICBE,MICB MICBE,Not found,,,Not Found
CNABE,CNAB,CNABE CNAB,Not found,,,Not Found
AMIB,MICBE,AMIB MICBE,Not found,,,Not Found
PNKZV,PNK,PNKZV PNK,Not found,,,Not Found
MYDXE,MYDX,MYDXE MYDX,Not found,,,Not Found
LG,SR,LG SR,"Customer Margins for OneChicago Futures
Operational",,05/08/2020,Unknown
LG,SR,LG SR,"CUSTOMER MARGINS FOR ONECHICAGO FUTURES
Operational",,04/13/2020,Unknown
LG,SR,LG SR,"Customer Margins for OneChicago Futures
Margins/Collateral/Clearing Fund",,03/25/2020,Unknown
LG,SR,LG SR,"Customer Margins for OneChicago Futures
Operational|Margins/Collateral/Clearing Fund",,04/13/2018,Unknown
LG,SR,LG SR,"Customer Margins for OneChicago Futures
Operational",,03/09/2018,Unknown
LG,SR,LG SR,"Customer Margins for OneChicago Futures
Operational",,02/09/2018,Unknown
LG,SR,LG SR,"THE LACLEDE GROUP, INC. - NAME/SYMBOL/CUSIP CHANGE OPTION SYMBOL: LG NEW SYMBOL: SR DATE: 4/29/16
Contract Adjustment|Options",04/29/2016,04/28/2016,Adjustment
LG,SR,LG SR,"THE LACLEDE GROUP, INC. - ANTICIPATED NAME/SYMBOL/CUSIP CHANGE OPTION SYMBOL: LG NEW SYMBOL: SR DATE: 4/29/16???
Contract Adjustment|Options",,04/19/2016,Adjustment
CYGM,CYGMD,CYGM CYGMD,Not found,,,Not Found
MHFI,SPGI,MHFI SPGI,"MCGRAW HILL FINANCIAL, INC. - NAME/SYMBOL/CUSIP CHANGE FUTURES SYMBOLS: MHFI1C/MHFI1D NEW SYMBOLS: SPGI1C/SPGI1D DATE: 4/28/16
Contract Adjustment|Futures",04/28/2016,04/27/2016,Adjustment
MHFI,SPGI,MHFI SPGI,"MCGRAW HILL FINANCIAL, INC. - NAME/SYMBOL/CUSIP CHANGE OPTION SYMBOL: MHFI NEW SYMBOL: SPGI DATE: 4/28/16
Contract Adjustment|Options",04/28/2016,04/27/2016,Adjustment
MHFI,SPGI,MHFI SPGI,"MCGRAW HILL FINANCIAL, INC. - ANTICIPATED NAME/SYMBOL/CUSIP CHANGE FUTURES SYMBOLS: MHFI1C/MHFI1D NEW SYMBOLS: SPGI1C/SPGI1D DATE: 4/28/16???
Contract Adjustment|Futures",,04/20/2016,Adjustment
MHFI,SPGI,MHFI SPGI,"MCGRAW HILL FINANCIAL, INC. - ANTICIPATED NAME/SYMBOL/CUSIP CHANGE OPTION SYMBOL: MHFI NEW SYMBOL: SPGI DATE: 4/28/16???
Contract Adjustment|Options",,04/20/2016,Adjustment
VOILE,VOIL,VOILE VOIL,Not found,,,Not Found
EOCA.V,EOCA,EOCA.V EOCA,Not found,,,Not Found
EOC,EOCC,EOC EOCC,"EMPRESA NACIONAL DE ELECTRICIDAD S.A. - DISTRIBUTION AND SYMBOL CHANGE OPTION SYMBOL: EOC NEW SYMBOL: EOCC1 FUTURES SYMBOL: EOC1D NEW SYMBOL: EOCC2D DATE: 4/27/16
Contract Adjustment|Options|Futures",04/27/2016,04/22/2016,Adjustment
ENIC.V,ENIC,ENIC.V ENIC,Not found,,,Not Found
ENI,ENIA,ENI ENIA,"Customer Margins for OneChicago Futures
Operational",,05/08/2020,Unknown
ENI,ENIA,ENI ENIA,"CUSTOMER MARGINS FOR ONECHICAGO FUTURES
Operational",,04/13/2020,Unknown
ENI,ENIA,ENI ENIA,"Customer Margins for OneChicago Futures
Margins/Collateral/Clearing Fund",,03/25/2020,Unknown
ENI,ENIA,ENI ENIA,"ENERSIS AMERICAS S.A. - DISTRIBUTION AND SYMBOL CHANGE OPTION SYMBOL: ENI NEW SYMBOL: ENIA1 FUTURES SYMBOL: ENI1D NEW SYMBOL: ENIA2D DATE: 4/27/16
Contract Adjustment|Options|Futures",04/27/2016,04/22/2016,Adjustment
VOIL,VOILE,VOIL VOILE,Not found,,,Not Found
RMLS,RMLSE,RMLS RMLSE,Not found,,,Not Found
IFAN,IFANE,IFAN IFANE,Not found,,,Not Found
PMXOE,PMXO,PMXOE PMXO,Not found,,,Not Found
EVBW,ALES,EVBW ALES,Not found,,,Not Found
ALESE,ALES,ALESE ALES,Not found,,,Not Found
SNRT,LBAOE,SNRT LBAOE,Not found,,,Not Found
MDDTE,MDDT,MDDTE MDDT,Not found,,,Not Found
LBAO,LBAOE,LBAO LBAOE,Not found,,,Not Found
ABSRE,ABSR,ABSRE ABSR,Not found,,,Not Found
ZMMM,ZMMME,ZMMM ZMMME,Not found,,,Not Found
TTHX,TKCIE,TTHX TKCIE,Not found,,,Not Found
TKCI,TKCIE,TKCI TKCIE,Not found,,,Not Found
SYTE,SYTEE,SYTE SYTEE,Not found,,,Not Found
SIGL,SIGLE,SIGL SIGLE,Not found,,,Not Found
PMXO,PMXOE,PMXO PMXOE,Not found,,,Not Found
OPCO,TRENT,OPCO TRENT,Not found,,,Not Found
NUIN,NUINE,NUIN NUINE,Not found,,,Not Found
NEMD,NEMDE,NEMD NEMDE,Not found,,,Not Found
MYDX,MYDXE,MYDX MYDXE,Not found,,,Not Found
MLES,MLESE,MLES MLESE,Not found,,,Not Found
MDDT,MDDTE,MDDT MDDTE,Not found,,,Not Found
MCPI,MCPIE,MCPI MCPIE,Not found,,,Not Found
IMII,IMIIE,IMII IMIIE,Not found,,,Not Found
IDGS,IDGSE,IDGS IDGSE,Not found,,,Not Found
HUTN,HUTNE,HUTN HUTNE,Not found,,,Not Found
GTWMD,ACMBE,GTWMD ACMBE,Not found,,,Not Found
GTWM,ACMBE,GTWM ACMBE,Not found,,,Not Found
FFLO,FFLOE,FFLO FFLOE,Not found,,,Not Found
FARE,FAREE,FARE FAREE,Not found,,,Not Found
EVTI,EVTIE,EVTI EVTIE,Not found,,,Not Found
EVBW,ALESE,EVBW ALESE,Not found,,,Not Found
ENPT,ENPTE,ENPT ENPTE,Not found,,,Not Found
DSCO,WINT,DSCO WINT,"DISCOVERY LABORATORIES, INC. - NAME/SYMBOL/CUSIP CHANGE OPTION SYMBOLS: DSCO/DSCO1 NEW SYMBOLS: WINT/ WINT1 DATE: 4/19/16 * * *CORRECTION* * *
Contract Adjustment|Options",04/19/2016,04/18/2016,Adjustment
DSCO,WINT,DSCO WINT,"DISCOVERY LABORATORIES, INC. - NAME/SYMBOL/CUSIP CHANGE OPTION SYMBOLS: DSCO/DSCO1 NEW SYMBOLS: WINT/ WINT1 DATE: 4/19/16
Contract Adjustment|Options",04/19/2016,04/18/2016,Adjustment
DEAC,DEACE,DEAC DEACE,Not found,,,Not Found
BLPG,BLPGE,BLPG BLPGE,Not found,,,Not Found
BLDZ,ZMMME,BLDZ ZMMME,Not found,,,Not Found
APPG,APPGE,APPG APPGE,Not found,,,Not Found
ALES,ALESE,ALES ALESE,Not found,,,Not Found
ACMB,ACMBE,ACMB ACMBE,Not found,,,Not Found
ABSR,ABSRE,ABSR ABSRE,Not found,,,Not Found
TLSN,TELIA,TLSN TELIA,Not found,,,Not Found
SGYTD,EXDI,SGYTD EXDI,Not found,,,Not Found
SGYT,EXDI,SGYT EXDI,Not found,,,Not Found
CXEE,CXEEE,CXEE CXEEE,Not found,,,Not Found
BOTA,AVIR,BOTA AVIR,"BIOTA PHARMACEUTICALS, INC. - NAME/SYMBOL/CUSIP CHANGE OPTION SYMBOL: BOTA NEW SYMBOL: AVIR DATE: 4/13/16
Contract Adjustment|Options",04/13/2016,04/12/2016,Adjustment
UA.V,UA.C,UA.V UA.C,Not found,,,Not Found
TSGLE,TSGL,TSGLE TSGL,Not found,,,Not Found
TSGLD,TSGL,TSGLD TSGL,Not found,,,Not Found
VSYM,VSYME,VSYM VSYME,Not found,,,Not Found
STYA,STYAE,STYA STYAE,Not found,,,Not Found
SGRB,SGRBE,SGRB SGRBE,Not found,,,Not Found
PWRV,PWRVE,PWRV PWRVE,Not found,,,Not Found
NTBTE,NTBT,NTBTE NTBT,Not found,,,Not Found
GYTI,GYTIE,GYTI GYTIE,Not found,,,Not Found
CNAB,CNABE,CNAB CNABE,Not found,,,Not Found
CLAD,CLADE,CLAD CLADE,Not found,,,Not Found
AFI.V,AFI,AFI.V AFI,Not found,,,Not Found
HART,BSTG,HART BSTG,Not found,,,Not Found
BCA,ITCB,BCA ITCB,Not found,,,Not Found
SLNNE,SLNN,SLNNE SLNN,Not found,,,Not Found
OCLLE,OCLL,OCLLE OCLL,Not found,,,Not Found
BDAT,BIGD,BDAT BIGD,Not found,,,Not Found
OCLL,OCLLE,OCLL OCLLE,Not found,,,Not Found
NTBT,NTBTE,NTBT NTBTE,Not found,,,Not Found
GTHPD,GTHP,GTHPD GTHP,Not found,,,Not Found
CLDN,EIGR,CLDN EIGR,"CELLADON CORPORATION - REVERSE SPLIT AND NAME/SYMBOL/CUSIP CHANGE OPTION SYMBOL: CLDN NEW SYMBOL: EIGR1 DATE: 3/23/16
Contract Adjustment|Options",03/23/2016,03/22/2016,Adjustment
SGYT,SGYTD,SGYT SGYTD,Not found,,,Not Found
QSMGD,QSMG,QSMGD QSMG,Not found,,,Not Found
IDHB,IDMO,IDHB IDMO,Not found,,,Not Found
EEHB,EEMO,EEHB EEMO,Not found,,,Not Found
SENH,SENS,SENH SENS,Not found,,,Not Found
DVGG,DVGGE,DVGG DVGGE,Not found,,,Not Found
AWSN,SENS,AWSN SENS,Not found,,,Not Found
OTLF,OPLF,OTLF OPLF,Not found,,,Not Found
CURMD,CURM,CURMD CURM,Not found,,,Not Found
NVTRV,NVTR,NVTRV NVTR,"GREATBATCH, INC. - DISTRIBUTION OPTION SYMBOL:GB NEW SYMBOL:GB1 * * * UPDATE * * *
Contract Adjustment|Options",03/14/2016,03/11/2016,Adjustment
NVTRV,NVTR,NVTRV NVTR,"GREATBATCH, INC. - DISTRIBUTION OPTION SYMBOL: GB NEW SYMBOL: GB1
Contract Adjustment|Options",03/14/2016,03/03/2016,Adjustment
WWRB,ATGI,WWRB ATGI,Not found,,,Not Found
SMQA,BLBX,SMQA BLBX,Not found,,,Not Found
TSGLE,TSGLD,TSGLE TSGLD,Not found,,,Not Found
TSGL,TSGLD,TSGL TSGLD,Not found,,,Not Found
JAEND,JAEN,JAEND JAEN,Not found,,,Not Found
GTHP,GTHPD,GTHP GTHPD,Not found,,,Not Found
MFS.V,MFS,MFS.V MFS,Not found,,,Not Found
CPJTD,IINX,CPJTD IINX,Not found,,,Not Found
CPJT,IINX,CPJT IINX,Not found,,,Not Found
QNTCD,LOVV,QNTCD LOVV,Not found,,,Not Found
QNTC,LOVV,QNTC LOVV,Not found,,,Not Found
SMAK,HLWD,SMAK HLWD,Not found,,,Not Found
PTRRD,PTRR,PTRRD PTRR,Not found,,,Not Found
EMDD,EMSO,EMDD EMSO,Not found,,,Not Found
FCUVE,FCUV,FCUVE FCUV,Not found,,,Not Found
SLNN,SLNNE,SLNN SLNNE,Not found,,,Not Found
EVBW,ALES,EVBW ALES,Not found,,,Not Found
QSMGE,QSMGD,QSMGE QSMGD,Not found,,,Not Found
QSMG,QSMGD,QSMG QSMGD,Not found,,,Not Found
APYVD,AIOM,APYVD AIOM,Not found,,,Not Found
APYV,AIOM,APYV AIOM,Not found,,,Not Found
AIOME,AIOM,AIOME AIOM,Not found,,,Not Found
PNTT,PNTTE,PNTT PNTTE,Not found,,,Not Found
KTDR,KTDRE,KTDR KTDRE,Not found,,,Not Found
FCUV,FCUVE,FCUV FCUVE,Not found,,,Not Found
APYVD,AIOME,APYVD AIOME,Not found,,,Not Found
APYV,AIOME,APYV AIOME,Not found,,,Not Found
AIOM,AIOME,AIOM AIOME,Not found,,,Not Found
WYA,B,WYA B,Not found,,,Not Found
CURM,CURMD,CURM CURMD,Not found,,,Not Found
MIL,MFCB,MIL MFCB,"MFC INDUSTRIAL LTD. - NAME/SYMBOL CHANGE OPTION SYMBOL: MIL NEW SYMBOL: MFCB
Operational|Contract Adjustment|Options",02/16/2016,02/11/2016,Adjustment
CVSL,JRJR,CVSL JRJR,Not found,,,Not Found
WBULK,BULKIN,WBULK BULKIN,Not found,,,Not Found
SNRT,LBAO,SNRT LBAO,Not found,,,Not Found
MTSU,BTCY,MTSU BTCY,Not found,,,Not Found
JAEN,JAEND,JAEN JAEND,Not found,,,Not Found
BRKKD,BRKK,BRKKD BRKK,Not found,,,Not Found
POZN,ARLZ,POZN ARLZ,"POZEN INC. - NAME/SYMBOL/CUSIP CHANGE OPTION SYMBOL: POZN NEW SYMBOL: ARLZ
Operational|Contract Adjustment|Options",02/08/2016,02/05/2016,Adjustment
QNTC,QNTCD,QNTC QNTCD,Not found,,,Not Found
TTHX,TKCI,TTHX TKCI,Not found,,,Not Found
RCGPE,RCGP,RCGPE RCGP,Not found,,,Not Found
RCGPD,RCGP,RCGPD RCGP,Not found,,,Not Found
GCP.V,GCP,GCP.V GCP,Not found,,,Not Found
CPJT,CPJTD,CPJT CPJTD,Not found,,,Not Found
ARSND,ARSNE,ARSND ARSNE,Not found,,,Not Found
ARSN,ARSNE,ARSN ARSNE,Not found,,,Not Found
UBLIE,UBLI,UBLIE UBLI,Not found,,,Not Found
PTRR,PTRRD,PTRR PTRRD,Not found,,,Not Found
PGCGE,PGCG,PGCGE PGCG,Not found,,,Not Found
MW,TLRD,MW TLRD,"THE MEN'S WEARHOUSE - NAME/SYMBOL/CUSIP CHANGE FUTURES SYMBOL: MW1D NEW SYMBOL: TLRD1D
Operational|Contract Adjustment|Futures",02/01/2016,01/25/2016,Adjustment
MW,TLRD,MW TLRD,"THE MEN'S WEARHOUSE, INC. - NAME/SYMBOL/CUSIP CHANGE OPTION SYMBOL: MW NEW SYMBOL: TLRD
Operational|Contract Adjustment|Options",02/01/2016,01/25/2016,Adjustment
TAALB,TAALA,TAALB TAALA,Not found,,,Not Found
RMLSE,RMLS,RMLSE RMLS,Not found,,,Not Found
PKAYD,PKAY,PKAYD PKAY,Not found,,,Not Found
JOEZ,DFBG,JOEZ DFBG,Not found,,,Not Found
VGGL,DDAY,VGGL DDAY,Not found,,,Not Found
BUESE,BUES,BUESE BUES,Not found,,,Not Found
EWRS,EWSC,EWRS EWSC,Not found,,,Not Found
EWRM,EWMC,EWRM EWMC,Not found,,,Not Found
SMFIE,SMFI,SMFIE SMFI,Not found,,,Not Found
BNGH,BXNG,BNGH BXNG,Not found,,,Not Found
RMLS,RMLSE,RMLS RMLSE,Not found,,,Not Found
RCGPD,RCGPE,RCGPD RCGPE,Not found,,,Not Found
RCGP,RCGPE,RCGP RCGPE,Not found,,,Not Found
IFANE,IFAN,IFANE IFAN,Not found,,,Not Found
GLSO,INVS,GLSO INVS,Not found,,,Not Found
APYVD,AIOM,APYVD AIOM,Not found,,,Not Found
APYV,AIOM,APYV AIOM,Not found,,,Not Found
AIOME,AIOM,AIOME AIOM,Not found,,,Not Found
PGCG,PGCGE,PGCG PGCGE,Not found,,,Not Found
IFAN,IFANE,IFAN IFANE,Not found,,,Not Found
IACI,IAC,IACI IAC,"IAC/INTERACTIVECORP - SYMBOL CHANGE FUTURES SYMBOL: IACI1D NEW SYMBOL: IAC1D
Operational|Contract Adjustment|Futures",01/21/2016,01/20/2016,Adjustment
IACI,IAC,IACI IAC,"IAC/INTERACTIVECORP - SYMBOL CHANGE OPTION SYMBOL: IACI NEW SYMBOL: IAC
Operational|Contract Adjustment|Options",01/21/2016,01/20/2016,Adjustment
IACI,IAC,IACI IAC,"OCX.NoDivRisk CONTRACT ADJUSTMENTS FOR CASH DIVIDENDS EX -DATE: 11/10/2015 *****UPDATE*****
Contract Adjustment|Futures",11/10/2015,11/10/2015,Adjustment
IACI,IAC,IACI IAC,"OCX.NoDivRisk CONTRACT ADJUSTMENTS FOR CASH DIVIDENDS EX -DATE: 11/10/2015
Contract Adjustment|Futures",11/10/2015,11/10/2015,Adjustment
IACI,IAC,IACI IAC,"OCX.NoDivRisk CONTRACT ADJUSTMENTS FOR CASH DIVIDENDS EX -DATE: 8/12/2015
Contract Adjustment|Futures",08/12/2015,08/11/2015,Adjustment
IACI,IAC,IACI IAC,"OCX.NoDivRisk CONTRACT ADJUSTMENTS FOR CASH DIVIDENDS EX -DATE: 5/13/2015
Contract Adjustment|Futures",05/13/2015,05/12/2015,Adjustment
IACI,IAC,IACI IAC,"OCX.NoDivRisk CONTRACT ADJUSTMENTS FOR CASH DIVIDENDS EX -DATE: 2/11/2015
Contract Adjustment|Futures",02/11/2015,02/11/2015,Adjustment
BUES,BUESE,BUES BUESE,Not found,,,Not Found
SKSKE,SKSK,SKSKE SKSK,Not found,,,Not Found
SKSKD,SKSK,SKSKD SKSK,Not found,,,Not Found
LVFZE,LVFZ,LVFZE LVFZ,Not found,,,Not Found
ADHHE,ADHH,ADHHE ADHH,Not found,,,Not Found
ADHHD,ADHH,ADHHD ADHH,Not found,,,Not Found
SMFI,SMFIE,SMFI SMFIE,Not found,,,Not Found
SMAQ,B,SMAQ B,Not found,,,Not Found
RBNW,RBNWE,RBNW RBNWE,Not found,,,Not Found
NUKK,NUKKE,NUKK NUKKE,Not found,,,Not Found
CXEEE,CXEE,CXEEE CXEE,Not found,,,Not Found
CRMVE,NUKKE,CRMVE NUKKE,Not found,,,Not Found
CRMVD,NUKKE,CRMVD NUKKE,Not found,,,Not Found
CRMV,NUKKE,CRMV NUKKE,Not found,,,Not Found
APYVD,AIOME,APYVD AIOME,Not found,,,Not Found
APYV,AIOME,APYV AIOME,Not found,,,Not Found
ALLR,VXEL,ALLR VXEL,Not found,,,Not Found
AIOM,AIOME,AIOM AIOME,Not found,,,Not Found
NMG,AXA,NMG AXA,Not found,,,Not Found
CXEE,CXEEE,CXEE CXEEE,Not found,,,Not Found
AMIB,MICB,AMIB MICB,Not found,,,Not Found
ACE,CB,ACE CB,"THE CHUBB CORPORATION - CONTRACT ADJUSTMENT OPTION SYMBOL: CB NEW SYMBOL: CB1 FUTURES SYMBOL: CB1D NEW SYMBOL: CB2D
Contract Adjustment|Options|Futures",01/15/2016,01/14/2016,Adjustment
ACE,CB,ACE CB,"ACE LIMITED - SYMBOL CHANGE FUTURES SYMBOL: 1/15/2016 - ACE1D remains ACE1D 1/19/2016 - ACE1D becomes CB1D
Operational|Contract Adjustment|Futures",01/19/2016,01/14/2016,Adjustment
ACE,CB,ACE CB,"ACE LIMITED - SYMBOL CHANGE OPTION SYMBOL: 1/15/2016 - ACE remains ACE 1/19/2016 - ACE becomes CB
Operational|Contract Adjustment|Options",01/19/2016,01/14/2016,Adjustment
ACE,CB,ACE CB,"THE CHUBB CORPORATION - ANTICIPATED ADJUSTMENT OPTION SYMBOL: CB FUTURES SYMBOL: CB1D * * * UPDATE * * *
Contract Adjustment|Options|Futures",,01/14/2016,Adjustment
ACE,CB,ACE CB,"THE CHUBB CORPORATION - ANTICIPATED ADJUSTMENT OPTION SYMBOLS: CB/2CB NEW SYMBOLS: ACE1/2ACE1 FUTURES SYMBOLS: CB1C/CB1D NEW SYMBOLS: CB2C/CB2D
Contract Adjustment|Options|Futures",,10/19/2015,Adjustment
TIGYD,VCPS,TIGYD VCPS,Not found,,,Not Found
TIGY,VCPS,TIGY VCPS,Not found,,,Not Found
VEND,B,VEND B,Not found,,,Not Found
NOMD.V,NOMD,NOMD.V NOMD,Not found,,,Not Found
BRKK,BRKKD,BRKK BRKKD,Not found,,,Not Found
THRX,INVA,THRX INVA,"THERAVANCE, INC. - NAME/SYMBOL/CUSIP CHANGE FUTURES SYMBOL: THRX1D NEW SYMBOL: INVA1D
Operational|Contract Adjustment|Futures",01/11/2016,01/08/2016,Adjustment
THRX,INVA,THRX INVA,"THERAVANCE, INC. - NAME/SYMBOL/CUSIP CHANGE OPTION SYMBOL: THRX NEW SYMBOL: INVA
Operational|Contract Adjustment|Options",01/11/2016,01/08/2016,Adjustment
SLTNE,SLTN,SLTNE SLTN,Not found,,,Not Found
GTWMD,ACMB,GTWMD ACMB,Not found,,,Not Found
GTWM,ACMB,GTWM ACMB,Not found,,,Not Found
PSBH,PBBI,PSBH PBBI,Not found,,,Not Found
PTRCD,PTRC,PTRCD PTRC,Not found,,,Not Found
SWAY,SFR,SWAY SFR,"STARWOOD WAYPOINT RESIDENTIAL TRUST - NAME/SYMBOL/CUSIP CHANGE OPTION SYMBOLS: SWAY/1SWAY NEW SYMBOLS: SFR/1SFR
Operational|Contract Adjustment|Options",01/06/2016,12/30/2015,Adjustment
MCTCE,MCTC,MCTCE MCTC,Not found,,,Not Found
UBLI,UBLIE,UBLI UBLIE,Not found,,,Not Found
SLTN,SLTNE,SLTN SLTNE,Not found,,,Not Found
MELA,SSKN,MELA SSKN,Not found,,,Not Found
OCX.V,OCX,OCX.V OCX,Not found,,,Not Found
VOPAE,VOPA,VOPAE VOPA,Not found,,,Not Found
PKAY,PKAYD,PKAY PKAYD,Not found,,,Not Found
CSAXE,CSAX,CSAXE CSAX,Not found,,,Not Found
AHDT,CSAX,AHDT CSAX,Not found,,,Not Found
VOPA,VOPAE,VOPA VOPAE,Not found,,,Not Found
CAMB,ABIL,CAMB ABIL,Not found,,,Not Found
ARSND,ARSN,ARSND ARSN,Not found,,,Not Found
APPGE,APPG,APPGE APPG,Not found,,,Not Found
PDII,IDXG,PDII IDXG,Not found,,,Not Found
ISIS,IONS,ISIS IONS,"ISIS PHARMACEUTICALS, INC. - NAME/SYMBOL/CUSIP CHANGE OPTION SYMBOL: ISIS NEW SYMBOL: IONS
Contract Adjustment|Options",12/22/2015,12/21/2015,Adjustment
ISIS,IONS,ISIS IONS,"ISIS PHARMACEUTICALS, INC. - NAME/SYMBOL/CUSIP CHANGE FUTURES SYMBOLS: ISIS1D/ISIS3M/ISIS4H/ISIS4M/ ISIS4T/ISIS4W NEW SYMBOLS: IONS1D/IONS3M/IONS4H/IONS4M/ IONS4T/IONS4W
Contract Adjustment|Futures",12/22/2015,12/21/2015,Adjustment
AWSN,SENH,AWSN SENH,Not found,,,Not Found
PLTM,FTAG,PLTM FTAG,"FIRST TRUST ISE GLOBAL PLATINUM INDEX FUND - NAME/SYMBOL/CUSIP CHANGE OPTION SYMBOL: PLTM NEW SYMBOL: FTAG
Contract Adjustment|Options",12/21/2015,12/18/2015,Adjustment
LVFZ,LVFZE,LVFZ LVFZE,Not found,,,Not Found
FWDRE,FWDR,FWDRE FWDR,Not found,,,Not Found
FRMG,FRMGD,FRMG FRMGD,Not found,,,Not Found
CU,FTRI,CU FTRI,"FIRST TRUST ISE GLOBAL COPPER INDEX FUND -NAME/SYMBOL/CUSIP CHANGE OPTION SYMBOL: CU NEW SYMBOL: FTRI
Contract Adjustment|Options",12/21/2015,12/18/2015,Adjustment
CSAX,CSAXE,CSAX CSAXE,Not found,,,Not Found
APYVD,AIOM,APYVD AIOM,Not found,,,Not Found
APYV,AIOM,APYV AIOM,Not found,,,Not Found
AHDT,CSAXE,AHDT CSAXE,Not found,,,Not Found
TCKFE,TCKF,TCKFE TCKF,Not found,,,Not Found
SUBK,SCNB,SUBK SCNB,"SUFFOLK BANCORP - SYMBOL CHANGE OPTION SYMBOL: SUBK NEW SYMBOL: SCNB
Contract Adjustment|Options",12/18/2015,12/17/2015,Adjustment
SKSKD,SKSKE,SKSKD SKSKE,Not found,,,Not Found
SKSK,SKSKE,SKSK SKSKE,Not found,,,Not Found
OSG.V,OSG,OSG.V OSG,Not found,,,Not Found
FWDR,FWDRE,FWDR FWDRE,Not found,,,Not Found
CSG,GPT,CSG GPT,"CHAMBERS STREET PROPERTIES - NAME/SYMBOL/CUSIP CHANGE OPTION SYMBOL: 12/18/2015 - CSG remains CSG 12/21/2015 - CSG becomes GPT
Operational|Contract Adjustment|Options",12/21/2015,12/17/2015,Adjustment
ADHHE,ADHHD,ADHHE ADHHD,Not found,,,Not Found
ADHH,ADHHD,ADHH ADHHD,Not found,,,Not Found
TSGLE,TSGL,TSGLE TSGL,Not found,,,Not Found
CBDEF,CBDED,CBDEF CBDED,Not found,,,Not Found
CBDEE,CBDED,CBDEE CBDED,Not found,,,Not Found
CBDE,CBDED,CBDE CBDED,Not found,,,Not Found
TIGY,TIGYD,TIGY TIGYD,Not found,,,Not Found
RMRAV,RMR,RMRAV RMR,"HOSPITALITY PROPERTIES TRUST - DISTRIBUTION OPTION SYMBOL: HPT NEW SYMBOL: HPT1 FUTURES SYMBOL: HPT1D NEW SYMBOL: HPT2D
Contract Adjustment|Options|Futures",12/15/2015,12/14/2015,Adjustment
RMRAV,RMR,RMRAV RMR,"GOVERNMENT PROPERTIES INCOME TRUST - DISTRIBUTION OPTION SYMBOL: GOV NEW SYMBOL: GOV1
Contract Adjustment|Options",12/15/2015,12/14/2015,Adjustment
RMRAV,RMR,RMRAV RMR,"SELECT INCOME REIT - DISTRIBUTION OPTION SYMBOL: SIR NEW SYMBOL: SIR1
Contract Adjustment|Options",12/15/2015,12/14/2015,Adjustment
RMRAV,RMR,RMRAV RMR,"SENIOR HOUSING PROPERTIES TRUST - DISTRIBUTION OPTION SYMBOL: SNH NEW SYMBOL: SNH1 FUTURES SYMBOL: SNH1D NEW SYMBOL: SNH2D
Contract Adjustment|Options|Futures",12/15/2015,12/14/2015,Adjustment
RMRAV,RMR,RMRAV RMR,"HOSPITALITY PROPERTIES TRUST - DISTRIBUTION OPTION SYMBOL: HPT NEW SYMBOL: HPT1 FUTURES SYMBOL: HPT1D NEW SYMBOL: HPT2D
Contract Adjustment|Options|Futures",12/15/2015,12/08/2015,Adjustment
RMRAV,RMR,RMRAV RMR,"GOVERNMENT PROPERTIES INCOME TRUST - DISTRIBUTION OPTION SYMBOL: GOV NEW SYMBOL: GOV1
Contract Adjustment|Options",12/15/2015,12/08/2015,Adjustment
RMRAV,RMR,RMRAV RMR,"SELECT INCOME REIT - DISTRIBUTION OPTION SYMBOL: SIR NEW SYMBOL: SIR1
Contract Adjustment|Options",12/15/2015,12/08/2015,Adjustment
RMRAV,RMR,RMRAV RMR,"SENIOR HOUSING PROPERTIES TRUST - DISTRIBUTION OPTION SYMBOL: SNH NEW SYMBOL: SNH1 FUTURES SYMBOL: SNH1D NEW SYMBOL: SNH2D
Contract Adjustment|Options|Futures",12/15/2015,12/08/2015,Adjustment
CLADE,CLAD,CLADE CLAD,Not found,,,Not Found
CLADD,CLAD,CLADD CLAD,Not found,,,Not Found
BLDZ,ZMMM,BLDZ ZMMM,Not found,,,Not Found
BKYM,LCLP,BKYM LCLP,Not found,,,Not Found
RXSFD,RXSF,RXSFD RXSF,Not found,,,Not Found
GTWM,GTWMD,GTWM GTWMD,Not found,,,Not Found
BMAQ,BMTM,BMAQ BMTM,Not found,,,Not Found
PTRC,PTRCD,PTRC PTRCD,Not found,,,Not Found
MCTC,MCTCE,MCTC MCTCE,Not found,,,Not Found
BLCL,BLNC,BLCL BLNC,Not found,,,Not Found
PGSCE,PGSC,PGSCE PGSC,Not found,,,Not Found
CETHE,CETH,CETHE CETH,Not found,,,Not Found
CDNLE,CDNL,CDNLE CDNL,Not found,,,Not Found
CBDEE,CBDEF,CBDEE CBDEF,Not found,,,Not Found
CBDE,CBDEF,CBDE CBDEF,Not found,,,Not Found
BDCV,XRDC,BDCV XRDC,"BDCA VENTURE, INC. - NAME/SYMBOL/CUSIP CHANGE OPTION SYMBOL: BDCV NEW SYMBOL: XRDC
Operational|Contract Adjustment|Options",12/03/2015,12/02/2015,Adjustment
PTQME,PTQMF,PTQME PTQMF,Not found,,,Not Found
CBDEF,CBDE,CBDEF CBDE,Not found,,,Not Found
CBDEE,CBDE,CBDEE CBDE,Not found,,,Not Found
TRHFE,TRHF,TRHFE TRHF,Not found,,,Not Found
SMTP,SHSP,SMTP SHSP,Not found,,,Not Found
SHGTE,SHGT,SHGTE SHGT,Not found,,,Not Found
LGOO,TRHF,LGOO TRHF,Not found,,,Not Found
AC.Z,AC,AC.Z AC,Not found,,,Not Found
NUINE,NUIN,NUINE NUIN,Not found,,,Not Found
CSRA.V,CSRA,CSRA.V CSRA,Not found,,,Not Found
CLADD,CLADE,CLADD CLADE,Not found,,,Not Found
CLAD,CLADE,CLAD CLADE,Not found,,,Not Found
TRHF,TRHFE,TRHF TRHFE,Not found,,,Not Found
PGSC,PGSCE,PGSC PGSCE,Not found,,,Not Found
NUIN,NUINE,NUIN NUINE,Not found,,,Not Found
LGOO,TRHFE,LGOO TRHFE,Not found,,,Not Found
LEAF,OMF,LEAF OMF,"SPRINGLEAF HOLDINGS, INC. - NAME/SYMBOL/CUSIP CHANGE FUTURES SYMBOL: LEAF1D NEW SYMBOL: OMF1D
Operational|Contract Adjustment|Futures",11/27/2015,11/20/2015,Adjustment
LEAF,OMF,LEAF OMF,"SPRINGLEAF HOLDINGS, INC. - NAME/SYMBOL/CUSIP CHANGE OPTION SYMBOL: LEAF NEW SYMBOL: OMF
Operational|Contract Adjustment|Options",11/27/2015,11/20/2015,Adjustment
CETH,CETHE,CETH CETHE,Not found,,,Not Found
CDNL,CDNLE,CDNL CDNLE,Not found,,,Not Found
APSI,APSIE,APSI APSIE,Not found,,,Not Found
APPG,APPGE,APPG APPGE,Not found,,,Not Found
IMIIE,IMII,IMIIE IMII,Not found,,,Not Found
ARSN,ARSND,ARSN ARSND,Not found,,,Not Found
UTG.V,UTG.R,UTG.V UTG.R,Not found,,,Not Found
TSGL,TSGLE,TSGL TSGLE,Not found,,,Not Found
SHGT,SHGTE,SHGT SHGTE,Not found,,,Not Found
CSAXE,CSAX,CSAXE CSAX,Not found,,,Not Found
AHDT,CSAX,AHDT CSAX,Not found,,,Not Found
AYNTE,VIBX,AYNTE VIBX,Not found,,,Not Found
AYNT,VIBX,AYNT VIBX,Not found,,,Not Found
APYV,APYVD,APYV APYVD,Not found,,,Not Found
WHHTE,WHHT,WHHTE WHHT,Not found,,,Not Found
MLSOD,HSHS,MLSOD HSHS,Not found,,,Not Found
MLSO,HSHS,MLSO HSHS,Not found,,,Not Found
LAG,BNDS,LAG BNDS,Not found,,,Not Found
HSHSE,HSHS,HSHSE HSHS,Not found,,,Not Found
BFXX,EGDS,BFXX EGDS,Not found,,,Not Found
TCKF,TCKFE,TCKF TCKFE,Not found,,,Not Found
IMII,IMIIE,IMII IMIIE,Not found,,,Not Found
CSAX,CSAXE,CSAX CSAXE,Not found,,,Not Found
AHDT,CSAXE,AHDT CSAXE,Not found,,,Not Found
PDXE,SORI,PDXE SORI,Not found,,,Not Found
CXEEE,CXEE,CXEEE CXEE,Not found,,,Not Found
WHHT,WHHTE,WHHT WHHTE,Not found,,,Not Found
RXSF,RXSFD,RXSF RXSFD,Not found,,,Not Found
WAT1V,UUTEC,WAT1V UUTEC,Not found,,,Not Found
WWWW,WEB,WWWW WEB,"WEB.COM GROUP, INC. - SYMBOL CHANGE OPTION SYMBOL: WWWW NEW SYMBOL: WEB DATE: 11/10/15
Operational|Contract Adjustment|Options",11/10/2015,11/09/2015,Adjustment
FCPT.V,FCPT,FCPT.V FCPT,Not found,,,Not Found
EEVRD,AEPP,EEVRD AEPP,Not found,,,Not Found
EEVR,AEPP,EEVR AEPP,Not found,,,Not Found
BAGR,SAUC,BAGR SAUC,Not found,,,Not Found
OCIR,CINR,OCIR CINR,Not found,,,Not Found
MINESTO,MINEST,MINESTO MINEST,Not found,,,Not Found
KURO,KURA,KURO KURA,Not found,,,Not Found
EXTN.V,EXTN,EXTN.V EXTN,Not found,,,Not Found
EXLP,APLP,EXLP APLP,"EXTERRAN PARTNERS, L.P. - NAME/SYMBOL/CUSIP CHANGE OPTION SYMBOL: EXLP NEW SYMBOL: APLP
Operational|Contract Adjustment|Options",11/04/2015,11/03/2015,Adjustment
EXH,AROC,EXH AROC,"EXTERRAN HOLDINGS, INC. - DISTRIBUTION (EXH/EXH1D) * * * UPDATE * * *
Contract Adjustment|Options|Futures",11/04/2015,11/03/2015,Adjustment
EXH,AROC,EXH AROC,"EXTERRAN HOLDINGS, INC. - DISTRIBUTION OPTION SYMBOL: EXH NEW SYMBOL:AROC1 FUTURES SYMBOL: EXH1D NEW SYMBOL: AROC2D * * * UPDATE * * *
Contract Adjustment|Options|Futures",11/04/2015,10/22/2015,Adjustment
EXH,AROC,EXH AROC,"EXTERRAN HOLDINGS, INC. - DISTRIBUTION OPTION SYMBOL:EXH NEW SYMBOL:AROC1 FUTURES SYMBOL:EXH1D NEW SYMBOL: AROC2D * * * UPDATE * * *
Contract Adjustment|Options|Futures",,07/23/2015,Adjustment
TXJKE,TXJK,TXJKE TXJK,Not found,,,Not Found
PTQMF,PTQME,PTQMF PTQME,Not found,,,Not Found
HNETE,HNET,HNETE HNET,Not found,,,Not Found
ENZBE,ENZB,ENZBE ENZB,Not found,,,Not Found
ENZBD,ENZB,ENZBD ENZB,Not found,,,Not Found
CLRX,RNVA,CLRX RNVA,Not found,,,Not Found
CBDEF,CBDEE,CBDEF CBDEE,Not found,,,Not Found
CBDE,CBDEE,CBDE CBDEE,Not found,,,Not Found
VIBHK,HELCG,VIBHK HELCG,Not found,,,Not Found
SKKK,SSOK,SKKK SSOK,Not found,,,Not Found
NRE.V,NRE,NRE.V NRE,Not found,,,Not Found
MULT,MAUI,MULT MAUI,Not found,,,Not Found
KTDRE,KTDR,KTDRE KTDR,Not found,,,Not Found
INVSEL,HELCG,INVSEL HELCG,Not found,,,Not Found
HPE.V,HPE,HPE.V HPE,Not found,,,Not Found
DEJ,DXI,DEJ DXI,Not found,,,Not Found
PXSSV,PXS,PXSSV PXS,Not found,,,Not Found
ATVKE,ATVK,ATVKE ATVK,Not found,,,Not Found
SMAC,WINS,SMAC WINS,Not found,,,Not Found
TMUS$A,TMUSP,TMUS$A TMUSP,Not found,,,Not Found
SBESE,SBES,SBESE SBES,Not found,,,Not Found
CMRL,SBES,CMRL SBES,Not found,,,Not Found
SKKBE,SKKB,SKKBE SKKB,Not found,,,Not Found
IG,TLGT,IG TLGT,"IGI LABORATORIES, INC. - NAME/SYMBOL/CUSIP CHANGE OPTION SYMBOL: IG NEW SYMBOL: TLGT
Operational|Contract Adjustment|Options",10/26/2015,10/23/2015,Adjustment
SBES,SBESE,SBES SBESE,Not found,,,Not Found
CMRL,SBESE,CMRL SBESE,Not found,,,Not Found
RCGPD,RCGP,RCGPD RCGP,Not found,,,Not Found
CBDE,CBDEF,CBDE CBDEF,Not found,,,Not Found
MLSOD,HSHSE,MLSOD HSHSE,Not found,,,Not Found
MLSO,HSHSE,MLSO HSHSE,Not found,,,Not Found
HSHS,HSHSE,HSHS HSHSE,Not found,,,Not Found
COUP,QUOT,COUP QUOT,"COUPONS.COM INCORPORATED - NAME/SYMBOL/CUSIP CHANGE OPTION SYMBOL: COUP NEW SYMBOL: QUOT
Operational|Contract Adjustment|Options",10/21/2015,10/09/2015,Adjustment
ATVK,ATVKE,ATVK ATVKE,Not found,,,Not Found
AGINE,AGIN,AGINE AGIN,Not found,,,Not Found
BNRME,BNRM,BNRME BNRM,Not found,,,Not Found
SLTC,DTRM,SLTC DTRM,Not found,,,Not Found
CXEE,CXEEE,CXEE CXEEE,Not found,,,Not Found
CHNX,CNHX,CHNX CNHX,Not found,,,Not Found
LIOCE,LIOCD,LIOCE LIOCD,Not found,,,Not Found
LIOC,LIOCD,LIOC LIOCD,Not found,,,Not Found
KTDR,KTDRE,KTDR KTDRE,Not found,,,Not Found
AGIN,AGINE,AGIN AGINE,Not found,,,Not Found
FRRF,FRSI,FRRF FRSI,Not found,,,Not Found
EEVR,EEVRD,EEVR EEVRD,Not found,,,Not Found
GRSP,LVYN,GRSP LVYN,Not found,,,Not Found
ARXQD,EURI,ARXQD EURI,Not found,,,Not Found
ARXQ,EURI,ARXQ EURI,Not found,,,Not Found
RMRID,RMRI,RMRID RMRI,Not found,,,Not Found
TXJK,TXJKE,TXJK TXJKE,Not found,,,Not Found
TRNX,WMGI,TRNX WMGI,"TORNIER N.V. - NAME/SYMBOL/CUSIP CHANGE OPTION SYMBOL: 10/2/15 - TRNX remains TRNX 10/5/15 - TRNX becomes WMGI
Contract Adjustment|Options",10/05/2015,10/01/2015,Adjustment
TRNX,WMGI,TRNX WMGI,"WRIGHT MEDICAL GROUP, INC. - CONTRACT ADJUSTMENT OPTION SYMBOL: WMGI NEW SYMBOL: WMGI1
Contract Adjustment|Options",10/02/2015,10/01/2015,Adjustment
TRNX,WMGI,TRNX WMGI,"WRIGHT MEDICAL GROUP, INC. - ANTICIPATED ADJUSTMENT OPTION SYMBOL: WMGI NEW SYMBOL: WMGI1
Contract Adjustment|Options",,06/09/2015,Adjustment
SOULD,SOUL,SOULD SOUL,Not found,,,Not Found
HNET,HNETE,HNET HNETE,Not found,,,Not Found
ENZBD,ENZBE,ENZBD ENZBE,Not found,,,Not Found
ENZB,ENZBE,ENZB ENZBE,Not found,,,Not Found
SPF,CAA,SPF CAA,"STANDARD PACIFIC CORPORATION - REVERSE SPLIT AND SYMBOL/NAME CHANGE OPTION SYMBOL: SPF NEW SYMBOL: CAA1
Contract Adjustment|Options",10/01/2015,09/30/2015,Adjustment
SPF,CAA,SPF CAA,"THE RYLAND GROUP, INC. - CONTRACT ADJUSTMENT OPTION SYMBOL: RYL NEW SYMBOL: CAA2 FUTURES SYMBOLS: RYL1C/RYL1D NEW SYMBOLS: RYL2C/RYL2D
Contract Adjustment|Options|Futures",10/01/2015,09/30/2015,Adjustment
SPF,CAA,SPF CAA,"STANDARD PACIFIC CORPORATION - ANTICIPATED REVERSE SPLIT AND SYMBOL/NAME CHANGE OPTION SYMBOL: SPF NEW SYMBOL: CAA1
Contract Adjustment|Options",,09/22/2015,Adjustment
SPF,CAA,SPF CAA,"THE RYLAND GROUP, INC. - ANTICIPATED ADJUSTMENT OPTION SYMBOL: RYL NEW SYMBOL: CAA2 FUTURES SYMBOLS: RYL1C/RYL1D NEW SYMBOLS: RYL2C/RYL2D
Contract Adjustment|Options|Futures",,09/22/2015,Adjustment
PJT.V,PJT,PJT.V PJT,Not found,,,Not Found
MSG.V,MSG,MSG.V MSG,Not found,,,Not Found
MSG,MSGN,MSG MSGN,"MSG Networks Inc. - Contract Adjustment Option Symbol: 07/09/21 - MSGN remains MSGN 07/12/21 - MSGN becomes MSGE1
Contract Adjustment|Options",07/09/2021,07/09/2021,Adjustment
MSG,MSGN,MSG MSGN,"MSG Networks Inc. - Anticipated Adjustment Option Symbol: MSGN New Symbol: MSGE1 *** Update ***
Contract Adjustment|Options",,07/07/2021,Adjustment
MSG,MSGN,MSG MSGN,"MSG Networks Inc. - Anticipated Adjustment Option Symbol: MSGN New Symbol: MSGE1
Contract Adjustment|Options",,06/17/2021,Adjustment
MSG,MSGN,MSG MSGN,"Customer Margins for OneChicago Futures
Operational",,07/10/2020,Unknown
MSG,MSGN,MSG MSGN,"CUSTOMER MARGINS FOR ONECHICAGO FUTURES
Operational",06/15/2020,06/15/2020,Unknown
MSG,MSGN,MSG MSGN,"Customer Margins for OneChicago Futures
Operational",,05/08/2020,Unknown
MSG,MSGN,MSG MSGN,"CUSTOMER MARGINS FOR ONECHICAGO FUTURES
Operational",,04/13/2020,Unknown
MSG,MSGN,MSG MSGN,"MSG NETWORKS INC. - PARTIAL SELF TENDER OFFER OPTION SYMBOL: MSGN FUTURES SYMBOL: MSGN1D
Contract Adjustment|Options|Futures",,09/12/2019,Adjustment
MSG,MSGN,MSG MSGN,"CUSTOMER MARGINS FOR ONECHICAGO FUTURES
Operational|Margins/Collateral/Clearing Fund",,07/17/2019,Unknown
MSG,MSGN,MSG MSGN,"Customer Margins for OneChicago Futures
Operational",,09/17/2018,Unknown
MSG,MSGN,MSG MSGN,"Customer Margins for OneChicago Futures
Operational",,08/13/2018,Unknown
MSG,MSGN,MSG MSGN,"CUSTOMER MARGINS FOR ONECHICAGO FUTURES
Operational",,07/16/2018,Unknown
MSG,MSGN,MSG MSGN,"Customer Margins for OneChicago Futures
Operational",,06/11/2018,Unknown
MSG,MSGN,MSG MSGN,"Customer Margins for OneChicago Futures
Operational",,03/09/2018,Unknown
MSG,MSGN,MSG MSGN,"Customer Margins for OneChicago Futures
Operational",,02/09/2018,Unknown
MSG,MSGN,MSG MSGN,"Customer Margins for OneChicago Futures
Operational|Margins/Collateral/Clearing Fund",,01/25/2018,Unknown
MSG,MSGN,MSG MSGN,"ADJUSTED MSG NETWORKS INC. - CASH IN LIEU SETTLEMENT ADJUSTED OPTION SYMBOL: MSGN1
Contract Adjustment|Options",,10/15/2015,Adjustment
MSG,MSGN,MSG MSGN,"THE MADISON SQUARE GARDEN COMPANY - DISTRIBUTION AND NAME/SYMBOL/CUSIP CHANGE OPTION SYMBOL: MSG NEW SYMBOL: MSGN1 FUTURES SYMBOL: MSG1D NEW SYMBOL: MSGN2D
Contract Adjustment|Options|Futures",10/01/2015,09/22/2015,Adjustment
FORE,WIFOG,FORE WIFOG,Not found,,,Not Found
CSWIV,CSWI,CSWIV CSWI,Not found,,,Not Found
BPSRE,BPSR,BPSRE BPSR,Not found,,,Not Found
STAFD,STAF,STAFD STAF,Not found,,,Not Found
JAX.V,JAX,JAX.V JAX,Not found,,,Not Found
CXBL,BOFC,CXBL BOFC,Not found,,,Not Found
BOFCE,BOFC,BOFCE BOFC,Not found,,,Not Found
SPW,SPXC,SPW SPXC,"SPX CORPORATION - DISTRIBUTION OPTION SYMBOL: SPW NEW SYMBOL: SPXC1
Contract Adjustment|Options",09/28/2015,09/15/2015,Adjustment
REHA,B,REHA B,Not found,,,Not Found
RCGP,RCGPD,RCGP RCGPD,Not found,,,Not Found
SKKB,SKKBE,SKKB SKKBE,Not found,,,Not Found
CXBL,BOFCE,CXBL BOFCE,Not found,,,Not Found
BPSR,BPSRE,BPSR BPSRE,Not found,,,Not Found
BOFC,BOFCE,BOFC BOFCE,Not found,,,Not Found
RLQT,LOGX,RLQT LOGX,Not found,,,Not Found
PTNT,PRZM,PTNT PRZM,Not found,,,Not Found
JSHYE,JSHY,JSHYE JSHY,Not found,,,Not Found
HUTNE,HUTN,HUTNE HUTN,Not found,,,Not Found
DLDGE,DLDG,DLDGE DLDG,Not found,,,Not Found
ARBJE,ARBJ,ARBJE ARBJ,Not found,,,Not Found
ADHHE,ADHH,ADHHE ADHH,Not found,,,Not Found
LSOM,TUAA,LSOM TUAA,Not found,,,Not Found
QSMGE,QSMG,QSMGE QSMG,Not found,,,Not Found
PTPFE,PTPF,PTPFE PTPF,Not found,,,Not Found
EHOSE,EHOS,EHOSE EHOS,Not found,,,Not Found
CLTX,AKTX,CLTX AKTX,Not found,,,Not Found
QSMG,QSMGE,QSMG QSMGE,Not found,,,Not Found
BNRM,BNRME,BNRM BNRME,Not found,,,Not Found
ADHH,ADHHE,ADHH ADHHE,Not found,,,Not Found
STAF,STAFD,STAF STAFD,Not found,,,Not Found
CRMVE,NUKK,CRMVE NUKK,Not found,,,Not Found
CRMVD,NUKK,CRMVD NUKK,Not found,,,Not Found
CRMV,NUKK,CRMV NUKK,Not found,,,Not Found
SWFR,BHTG,SWFR BHTG,Not found,,,Not Found
CRMVE,CRMV,CRMVE CRMV,Not found,,,Not Found
CRMVD,CRMV,CRMVD CRMV,Not found,,,Not Found
EZRTE,EZRT,EZRTE EZRT,Not found,,,Not Found
HWKR,HWKRD,HWKR HWKRD,Not found,,,Not Found
ADDV,ADDV,ADDV ADDV,Not found,,,Not Found
VIBHK,INVSEL,VIBHK INVSEL,Not found,,,Not Found
ARXQ,ARXQD,ARXQ ARXQD,Not found,,,Not Found
SYYFD,AEEX,SYYFD AEEX,Not found,,,Not Found
SYYF,AEEX,SYYF AEEX,Not found,,,Not Found
CRSO,SNBP,CRSO SNBP,Not found,,,Not Found
CNSI,MESG,CNSI MESG,"COMVERSE, INC. - NAME/SYMBOL/CUSIP CHANGE OPTION SYMBOL: CNSI NEW SYMBOL: MESG
Operational|Contract Adjustment|Options",09/09/2015,09/08/2015,Adjustment
CMRL,SBES,CMRL SBES,Not found,,,Not Found
WNSS,WMHH,WNSS WMHH,Not found,,,Not Found
RMRI,RMRID,RMRI RMRID,Not found,,,Not Found
ITF,JPXN,ITF JPXN,"RBH / CPM PRODUCT AND CLASS GROUP UPDATES
Operational",,09/07/2018,Unknown
PSI,STRONG,PSI STRONG,Not found,,,Not Found
LJGR,B,LJGR B,Not found,,,Not Found
IFT,EMG,IFT EMG,"IMPERIAL HOLDINGS, INC. - NAME/SYMBOL/CUSIP CHANGE OPTION SYMBOL: IFT NEW SYMBOL: EMG
Operational|Contract Adjustment|Options",09/01/2015,08/07/2015,Adjustment
TQBY,MNTM,TQBY MNTM,Not found,,,Not Found
HANOE,EKKH,HANOE EKKH,Not found,,,Not Found
HANO,EKKH,HANO EKKH,Not found,,,Not Found
GYTIE,GYTI,GYTIE GYTI,Not found,,,Not Found
SOUL,SOULD,SOUL SOULD,Not found,,,Not Found
UBLIE,UBLI,UBLIE UBLI,Not found,,,Not Found
BDPTE,BDPT,BDPTE BDPT,Not found,,,Not Found
ARENE,AREN,ARENE AREN,Not found,,,Not Found
ALAZD,AREN,ALAZD AREN,Not found,,,Not Found
ALAZ,AREN,ALAZ AREN,Not found,,,Not Found
UBLI,UBLIE,UBLI UBLIE,Not found,,,Not Found
RMLSE,RMLS,RMLSE RMLS,Not found,,,Not Found
JSHY,JSHYE,JSHY JSHYE,Not found,,,Not Found
HUTN,HUTNE,HUTN HUTNE,Not found,,,Not Found
GYTI,GYTIE,GYTI GYTIE,Not found,,,Not Found
GCA,EVRI,GCA EVRI,"GLOBAL CASH ACCESS HOLDINGS, INC. -NAME/SYMBOL/CUSIP CHANGE OPTION SYMBOL: GCA NEW SYMBOL: EVRI
Operational|Contract Adjustment|Options",08/24/2015,08/17/2015,Adjustment
DLDG,DLDGE,DLDG DLDGE,Not found,,,Not Found
CRDW,CRDWE,CRDW CRDWE,Not found,,,Not Found
BDPT,BDPTE,BDPT BDPTE,Not found,,,Not Found
AREN,ARENE,AREN ARENE,Not found,,,Not Found
ARBJ,ARBJE,ARBJ ARBJE,Not found,,,Not Found
ALAZD,ARENE,ALAZD ARENE,Not found,,,Not Found
ALAZ,ARENE,ALAZ ARENE,Not found,,,Not Found
WHHTE,WHHT,WHHTE WHHT,Not found,,,Not Found
TRGT,CBIO,TRGT CBIO,"ADJUSTED TARGACEPT, INC. - FURTHER ADJUSTMENT AND NAME/SYMBOL/CUSIP CHANGE (TRGT1)
Contract Adjustment|Options",08/21/2015,08/20/2015,Adjustment
TRGT,CBIO,TRGT CBIO,"TARGACEPT, INC. - DISTRIBUTION (TRGT)
Contract Adjustment|Options",08/20/2015,08/19/2015,Adjustment
WHHT,WHHTE,WHHT WHHTE,Not found,,,Not Found
PTPF,PTPFE,PTPF PTPFE,Not found,,,Not Found
EHOS,EHOSE,EHOS EHOSE,Not found,,,Not Found
CRMVD,CRMVE,CRMVD CRMVE,Not found,,,Not Found
CRMV,CRMVE,CRMV CRMVE,Not found,,,Not Found
RCHAE,RCHA,RCHAE RCHA,Not found,,,Not Found
EZRT,EZRTE,EZRT EZRTE,Not found,,,Not Found
CCP.V,CCP,CCP.V CCP,Not found,,,Not Found
ZCVVV,Z,ZCVVV Z,"ADJUSTED TRULIA, INC. - FURTHER ADJUSTMENT ADJUSTED OPTION SYMBOL: Z1 NEW SYMBOL: ZG1 * * *UPDATE* * *
Contract Adjustment|Options",08/17/2015,08/14/2015,Adjustment
ZCVVV,Z,ZCVVV Z,"ZILLOW GROUP, INC. - DISTRIBUTION AND SYMBOL CHANGE OPTION SYMBOL: Z NEW SYMBOL: ZG2 FUTURES SYMBOLS: Z1C/Z1D NEW SYMBOLS: ZG2C/ZG2D * * * UPDATE * * *
Contract Adjustment|Options|Futures",08/17/2015,08/14/2015,Adjustment
ZCVVV,Z,ZCVVV Z,"ADJUSTED TRULIA, INC. - FURTHER ADJUSTMENT ADJUSTED OPTION SYMBOL: Z1 NEW SYMBOL: ZG1 * * *UPDATE* * *
Contract Adjustment|Options",08/17/2015,07/30/2015,Adjustment
ZCVVV,Z,ZCVVV Z,"ZILLOW GROUP, INC. - DISTRIBUTION AND SYMBOL CHANGE OPTION SYMBOL: Z NEW SYMBOL: ZG2 FUTURES SYMBOLS: Z1C/Z1D NEW SYMBOLS: ZG2C/ZG2D * * * CORRECTION TO SYMBOL * * *
Contract Adjustment|Options|Futures",08/17/2015,07/30/2015,Adjustment
ZBB,ESNC,ZBB ESNC,Not found,,,Not Found
Z,ZG,Z ZG,"ADJUSTED TRULIA, INC. - FURTHER ADJUSTMENT ADJUSTED OPTION SYMBOL: Z1 NEW SYMBOL: ZG1 * * *UPDATE* * *
Contract Adjustment|Options",08/17/2015,08/14/2015,Adjustment
Z,ZG,Z ZG,"ZILLOW GROUP, INC. - DISTRIBUTION AND SYMBOL CHANGE OPTION SYMBOL: Z NEW SYMBOL: ZG2 FUTURES SYMBOLS: Z1C/Z1D NEW SYMBOLS: ZG2C/ZG2D * * * UPDATE * * *
Contract Adjustment|Options|Futures",08/17/2015,08/14/2015,Adjustment
Z,ZG,Z ZG,"ADJUSTED TRULIA, INC. - FURTHER ADJUSTMENT ADJUSTED OPTION SYMBOL: Z1 NEW SYMBOL: ZG1 * * *UPDATE* * *
Contract Adjustment|Options",08/17/2015,07/30/2015,Adjustment
Z,ZG,Z ZG,"ZILLOW GROUP, INC. - DISTRIBUTION AND SYMBOL CHANGE OPTION SYMBOL: Z NEW SYMBOL: ZG2 FUTURES SYMBOLS: Z1C/Z1D NEW SYMBOLS: ZG2C/ZG2D * * * CORRECTION TO SYMBOL * * *
Contract Adjustment|Options|Futures",08/17/2015,07/30/2015,Adjustment
OCLLE,OCLL,OCLLE OCLL,Not found,,,Not Found
SKSKD,SKSK,SKSKD SKSK,Not found,,,Not Found
CAP,CAI,CAP CAI,"CAI INTERNATIONAL, INC. - SYMBOL CHANGE OPTION SYMBOL: CAP NEW SYMBOL: CAI
Operational|Contract Adjustment|Options",08/14/2015,08/03/2015,Adjustment
ATAOE,ATAO,ATAOE ATAO,Not found,,,Not Found
ATAOD,ATAO,ATAOD ATAO,Not found,,,Not Found
LIOCE,LIOC,LIOCE LIOC,Not found,,,Not Found
SYYF,SYYFD,SYYF SYYFD,Not found,,,Not Found
SITOD,SITO,SITOD SITO,Not found,,,Not Found
NOKI,SEK,NOKI SEK,Not found,,,Not Found
NOK1V,NOKIA,NOK1V NOKIA,Not found,,,Not Found
AHDT,CSAX,AHDT CSAX,Not found,,,Not Found
OCLL,OCLLE,OCLL OCLLE,Not found,,,Not Found
LITEV,LITE,LITEV LITE,"JDS UNIPHASE CORPORATION - DISTRIBUTION OPTION SYMBOL: JDSU NEW SYMBOL: VIAV1 FUTURES SYMBOLS: JDSU1C/JDSU1D NEW SYMBOLS: VIAV2C/VIAV2D
Contract Adjustment|Options|Futures",08/04/2015,07/29/2015,Adjustment
LACO,GDEN,LACO GDEN,Not found,,,Not Found
ENCRD,ENCR,ENCRD ENCR,Not found,,,Not Found
DLPME,DLPM,DLPME DLPM,Not found,,,Not Found
TKMR,ABUS,TKMR ABUS,"TEKMIRA PHARMACEUTICALS CORPORATION - NAME/SYMBOL/CUSIP CHANGE OPTION SYMBOLS: TKMR/2TKMR NEW SYMBOLS: ABUS/2ABUS
Operational|Contract Adjustment|Options",08/03/2015,07/31/2015,Adjustment
ETF,ABE,ETF ABE,Not found,,,Not Found
BNED.V,BNED,BNED.V BNED,Not found,,,Not Found
BLVD,AGFS,BLVD AGFS,Not found,,,Not Found
STFKE,STFK,STFKE STFK,Not found,,,Not Found
CXBL,BOFC,CXBL BOFC,Not found,,,Not Found
ARCPP,VER$F,ARCPP VER$F,Not found,,,Not Found
ARCP,VER,ARCP VER,"AMERICAN REALTY CAPITAL PROPERTIES, INC. -NAME/SYMBOL/CUSIP CHANGE FUTURES SYMBOLS: ARCP1C/ARCP1D NEW SYMBOLS: VER1C/VER1D
Operational|Contract Adjustment|Futures",07/31/2015,07/29/2015,Adjustment
ARCP,VER,ARCP VER,"AMERICAN REALTY CAPITAL PROPERTIES, INC. NAME/SYMBOL/CUSIP CHANGE OPTION SYMBOLS: ARCP/ARCP1 NEW SYMBOLS: VER/VER1
Operational|Contract Adjustment|Options",07/31/2015,07/29/2015,Adjustment
SITO,SITOD,SITO SITOD,Not found,,,Not Found
FCUVE,FCUV,FCUVE FCUV,Not found,,,Not Found
CHUME,CHUM,CHUME CHUM,Not found,,,Not Found
SCOK,CETC,SCOK CETC,"SINOCOKING COAL AND COKE CHEMICAL INDUSTRIES, INC. - NAME/SYMBOL/CUSIP CHANGE OPTION SYMBOL: SCOK NEW SYMBOL: CETC
Operational|Contract Adjustment|Options",07/28/2015,07/27/2015,Adjustment
BMXCD,BMXC,BMXCD BMXC,Not found,,,Not Found
REACD,REAC,REACD REAC,Not found,,,Not Found
CRMV,CRMVD,CRMV CRMVD,Not found,,,Not Found
RMLS,RMLSE,RMLS RMLSE,Not found,,,Not Found
CHUM,CHUME,CHUM CHUME,Not found,,,Not Found
SPPRP,CDORP,SPPRP CDORP,Not found,,,Not Found
SPPRO,CDORO,SPPRO CDORO,Not found,,,Not Found
